s_num|title
1|Season 1 (1963-64)
2|Season 2 (1964-65)
3|Season 3 (1965-66)
4|Season 4 (1966-67) 
5|Season 5 (1967-68) 
6|Season 6 (1968-69) 
7|Season 7 (1970)
8|Season 8 (1971)
9|Season 9 (1972)
10|Season 10 (1972-73)
11|Season 11 (1973-74)
12|Season 12 (1974-75)
13|Season 13 (1975-76) 
14|Season 14 (1976-77) 
15|Season 15 (1977-78) 
16|Season 16 (1978-79) 
17|Season 17 (1979-80) 
18|Season 18 (1980-81) 
19|Season 19 (1982) 
20|Season 20 (1983)
21|Season 21 (1984)
22|Season 22 (1985)
23|Season 23 (1986)
24|Season 24 (1987)
25|Season 25 (1988-89)
26|Season 26 (1989)
27|Television movie (1996)
28|Series 1 (2005)
29|Series 2 (2006)
30|Series 3 (2007)
31|Series 4 (2008)
32|Specials (2008-10)
33|Series 5 (2010)
34|Series 6 (2011)
35|Series 7 (2012-13)
36|Series 8 (2014)
37|Series 9 (2015)
38|Series 10 (2016-17)
39|Series 11 (2018-19)
40|Series 12 (2019-20)
41|Series 13 (2021-22)
